Date,Temperature_C,Humidity_pct,Rainfall_mm,AQI
2018-01-01,14.71,59.14,0.0,92
2018-01-02,18.22,55.57,8.22,71
2018-01-03,16.39,61.17,0.0,96
2018-01-04,15.24,57.08,0.0,79
2018-01-05,11.94,56.19,24.58,87
2018-01-06,13.31,68.31,0.0,110
2018-01-07,15.81,62.79,0.0,75
2018-01-08,12.88,61.01,0.0,77
2018-01-09,13.27,66.44,0.0,75
2018-01-10,12.43,55.41,3.88,82
2018-01-11,14.95,64.54,0.0,96
2018-01-12,16.14,59.69,0.0,82
2018-01-13,15.62,66.89,0.0,81
2018-01-14,13.06,67.17,7.16,103
2018-01-15,18.15,63.11,0.0,81
2018-01-16,11.81,64.41,5.68,81
2018-01-17,15.23,67.5,0.0,94
2018-01-18,14.22,61.52,0.0,80
2018-01-19,13.97,65.57,0.0,81
2018-01-20,14.95,55.61,0.0,77
2018-01-21,16.92,82.07,0.0,90
2018-01-22,15.99,70.73,0.0,96
2018-01-23,15.08,66.39,0.0,99
2018-01-24,15.73,75.55,19.13,83
2018-01-25,14.82,60.38,0.0,83
2018-01-26,15.17,61.21,0.0,91
2018-01-27,17.11,63.74,0.0,95
2018-01-28,20.05,69.61,0.0,79
2018-01-29,15.26,65.13,0.0,68
2018-01-30,15.38,67.01,0.0,85
2018-01-31,20.89,68.81,0.0,89
2018-02-01,14.91,77.21,0.0,92
2018-02-02,18.48,70.8,21.44,84
2018-02-03,15.54,61.82,0.0,86
2018-02-04,18.14,64.51,0.0,68
2018-02-05,15.99,69.8,0.0,91
2018-02-06,15.61,64.37,0.0,88
2018-02-07,17.96,65.41,0.0,93
2018-02-08,17.23,71.01,0.0,85
2018-02-09,21.49,70.54,0.0,78
2018-02-10,16.62,66.49,41.12,71
2018-02-11,16.43,71.68,1.53,63
2018-02-12,15.62,72.12,0.0,78
2018-02-13,14.67,72.38,0.0,79
2018-02-14,15.64,78.72,0.0,83
2018-02-15,19.9,66.92,0.0,82
2018-02-16,19.91,68.16,0.0,75
2018-02-17,17.92,80.36,0.0,78
2018-02-18,21.72,66.69,9.97,79
2018-02-19,20.35,75.75,0.0,80
2018-02-20,18.17,80.08,0.0,54
2018-02-21,20.97,77.9,0.0,75
2018-02-22,19.71,75.17,0.0,64
2018-02-23,17.71,71.84,0.0,71
2018-02-24,15.13,71.84,48.58,80
2018-02-25,19.8,65.97,0.0,65
2018-02-26,22.39,79.51,0.0,61
2018-02-27,17.91,66.68,0.0,79
2018-02-28,20.85,71.26,0.0,73
2018-03-01,21.76,70.75,0.0,64
2018-03-02,19.91,70.94,0.0,104
2018-03-03,19.99,76.11,0.0,73
2018-03-04,23.97,68.93,0.0,66
2018-03-05,21.21,77.17,0.0,55
2018-03-06,23.41,72.79,25.48,64
2018-03-07,23.47,75.98,1.7,66
2018-03-08,19.31,72.29,0.0,66
2018-03-09,19.65,71.1,0.0,61
2018-03-10,24.34,68.39,8.26,66
2018-03-11,21.46,74.85,0.0,51
2018-03-12,21.31,67.68,0.0,69
2018-03-13,21.66,82.13,0.0,49
2018-03-14,23.12,68.48,2.04,56
2018-03-15,25.94,77.1,0.0,44
2018-03-16,22.48,78.01,22.72,70
2018-03-17,20.91,72.31,0.0,57
2018-03-18,26.04,64.2,0.0,62
2018-03-19,22.3,74.17,0.0,51
2018-03-20,24.06,65.15,0.0,58
2018-03-21,26.44,82.56,0.0,72
2018-03-22,23.74,83.79,0.0,52
2018-03-23,26.63,74.92,5.97,60
2018-03-24,26.89,64.98,0.0,50
2018-03-25,22.05,81.0,0.0,55
2018-03-26,27.76,83.68,49.26,55
2018-03-27,24.92,67.51,0.0,61
2018-03-28,22.25,71.23,0.0,47
2018-03-29,23.6,74.88,0.0,53
2018-03-30,21.38,73.07,0.0,48
2018-03-31,22.98,81.67,0.0,58
2018-04-01,23.31,83.93,0.0,49
2018-04-02,26.63,70.74,0.0,56
2018-04-03,26.62,78.74,0.0,41
2018-04-04,21.47,71.83,0.0,44
2018-04-05,27.16,74.99,0.0,36
2018-04-06,24.28,69.7,0.0,50
2018-04-07,21.62,76.76,0.0,49
2018-04-08,26.77,67.88,0.0,45
2018-04-09,27.59,67.32,0.0,47
2018-04-10,27.69,78.57,0.0,46
2018-04-11,27.0,73.26,0.0,40
2018-04-12,25.76,72.86,0.0,33
2018-04-13,26.77,74.31,0.0,44
2018-04-14,26.11,71.93,0.0,45
2018-04-15,26.58,74.46,0.0,48
2018-04-16,25.59,76.94,0.0,27
2018-04-17,23.52,67.61,0.0,29
2018-04-18,25.65,65.04,0.0,39
2018-04-19,30.53,69.42,0.0,39
2018-04-20,29.56,68.78,0.0,26
2018-04-21,27.1,71.37,5.05,37
2018-04-22,30.12,71.51,0.0,36
2018-04-23,27.47,66.71,7.85,27
2018-04-24,28.16,75.37,0.0,46
2018-04-25,26.2,69.99,0.0,36
2018-04-26,27.08,78.42,0.0,35
2018-04-27,32.18,63.81,0.0,34
2018-04-28,26.83,70.75,0.0,29
2018-04-29,29.05,73.92,0.0,29
2018-04-30,27.81,76.19,14.6,42
2018-05-01,31.78,74.05,0.0,46
2018-05-02,30.44,76.75,7.15,40
2018-05-03,30.53,77.28,0.0,19
2018-05-04,32.55,74.7,0.29,23
2018-05-05,22.04,67.41,0.0,19
2018-05-06,27.72,67.7,0.0,15
2018-05-07,30.82,73.37,2.02,22
2018-05-08,28.58,73.81,0.0,43
2018-05-09,32.32,78.05,0.0,41
2018-05-10,33.55,74.29,5.61,26
2018-05-11,29.02,60.49,0.0,25
2018-05-12,30.6,69.08,22.21,13
2018-05-13,33.11,66.0,61.88,27
2018-05-14,29.84,66.97,0.0,29
2018-05-15,29.66,79.31,0.0,44
2018-05-16,35.03,64.77,0.0,10
2018-05-17,29.04,73.99,0.0,21
2018-05-18,35.76,65.02,0.0,20
2018-05-19,32.08,66.49,0.0,24
2018-05-20,31.65,72.98,0.0,17
2018-05-21,31.01,66.92,28.55,24
2018-05-22,33.88,71.2,0.0,12
2018-05-23,32.25,65.82,44.37,34
2018-05-24,34.48,61.05,0.0,21
2018-05-25,31.54,64.64,0.0,25
2018-05-26,33.84,67.52,0.0,11
2018-05-27,30.73,69.87,0.0,19
2018-05-28,31.47,67.47,0.0,11
2018-05-29,34.31,70.66,11.51,18
2018-05-30,32.18,69.41,0.0,29
2018-05-31,35.96,67.09,0.0,23
2018-06-01,34.41,68.21,11.46,23
2018-06-02,32.9,80.91,0.0,15
2018-06-03,32.83,71.25,0.0,8
2018-06-04,31.88,64.57,0.0,17
2018-06-05,34.57,72.18,0.0,12
2018-06-06,33.42,67.78,0.0,21
2018-06-07,34.51,62.47,0.0,12
2018-06-08,36.7,71.93,0.0,17
2018-06-09,32.89,60.51,0.0,13
2018-06-10,38.21,54.01,0.0,4
2018-06-11,32.51,64.7,0.0,0
2018-06-12,35.18,72.34,2.86,14
2018-06-13,34.59,58.58,0.0,18
2018-06-14,34.94,72.51,0.0,0
2018-06-15,35.5,72.3,0.0,5
2018-06-16,32.22,54.35,0.0,0
2018-06-17,33.93,71.84,2.72,3
2018-06-18,33.6,71.51,0.0,11
2018-06-19,35.82,60.57,0.0,0
2018-06-20,32.52,63.21,0.61,4
2018-06-21,35.63,62.97,0.0,17
2018-06-22,36.27,57.11,0.0,27
2018-06-23,34.95,62.3,0.0,15
2018-06-24,32.13,63.56,0.0,17
2018-06-25,37.42,58.11,6.41,3
2018-06-26,33.54,68.16,0.0,4
2018-06-27,37.75,58.58,0.0,35
2018-06-28,32.97,59.49,0.0,0
2018-06-29,39.83,55.98,0.0,18
2018-06-30,33.72,55.45,0.0,15
2018-07-01,36.85,60.7,0.0,0
2018-07-02,35.83,66.21,0.0,0
2018-07-03,36.27,69.62,0.0,30
2018-07-04,35.18,62.57,0.0,7
2018-07-05,34.81,70.42,0.0,10
2018-07-06,37.88,65.49,0.0,9
2018-07-07,32.74,57.48,0.0,30
2018-07-08,35.16,64.94,0.0,22
2018-07-09,33.92,65.61,0.0,0
2018-07-10,35.54,53.09,0.0,0
2018-07-11,34.82,56.98,0.0,20
2018-07-12,37.3,57.55,11.6,5
2018-07-13,37.04,52.03,0.0,9
2018-07-14,36.08,64.25,0.0,14
2018-07-15,38.32,64.78,0.0,17
2018-07-16,35.59,52.0,0.0,25
2018-07-17,29.73,54.96,0.0,13
2018-07-18,31.35,50.66,0.0,2
2018-07-19,35.61,48.12,0.0,18
2018-07-20,34.01,53.19,0.0,22
2018-07-21,34.27,52.79,0.0,0
2018-07-22,36.94,47.17,0.0,7
2018-07-23,37.41,55.45,1.06,0
2018-07-24,31.38,46.34,0.0,14
2018-07-25,32.25,60.14,0.0,23
2018-07-26,31.43,56.8,0.0,32
2018-07-27,35.26,52.59,11.36,25
2018-07-28,30.93,50.09,1.23,25
2018-07-29,32.09,54.06,9.27,38
2018-07-30,33.99,57.03,24.49,28
2018-07-31,32.2,55.92,0.0,26
2018-08-01,31.43,49.01,0.0,17
2018-08-02,37.65,54.06,0.0,27
2018-08-03,33.9,58.78,0.0,26
2018-08-04,33.53,59.33,12.52,16
2018-08-05,32.22,44.25,13.99,0
2018-08-06,33.51,49.62,0.0,36
2018-08-07,31.62,57.12,0.0,12
2018-08-08,30.35,46.06,0.0,3
2018-08-09,35.49,46.9,8.72,6
2018-08-10,31.46,54.33,0.0,25
2018-08-11,33.39,52.98,0.0,33
2018-08-12,32.37,58.46,26.12,11
2018-08-13,29.09,51.23,0.0,19
2018-08-14,33.42,52.69,0.0,21
2018-08-15,34.52,43.64,0.0,40
2018-08-16,31.61,43.75,11.54,36
2018-08-17,29.36,51.54,0.0,8
2018-08-18,30.22,51.49,0.38,22
2018-08-19,33.9,44.82,0.0,25
2018-08-20,32.57,53.81,7.87,6
2018-08-21,34.82,58.04,10.18,43
2018-08-22,34.0,52.19,0.0,34
2018-08-23,31.26,36.33,20.34,33
2018-08-24,33.05,52.95,45.4,34
2018-08-25,33.09,49.06,0.0,47
2018-08-26,29.86,54.1,0.0,37
2018-08-27,32.79,47.12,3.16,43
2018-08-28,33.48,40.55,0.0,34
2018-08-29,30.3,46.89,0.0,30
2018-08-30,31.54,45.61,0.0,29
2018-08-31,30.73,50.57,0.0,29
2018-09-01,31.2,47.38,0.0,31
2018-09-02,30.71,49.03,2.88,31
2018-09-03,29.52,55.62,5.87,35
2018-09-04,30.06,48.16,0.0,17
2018-09-05,29.07,38.0,0.0,37
2018-09-06,31.28,50.21,0.0,52
2018-09-07,30.24,50.43,49.87,27
2018-09-08,31.26,48.38,17.38,14
2018-09-09,29.25,47.99,0.0,39
2018-09-10,30.29,47.66,0.0,29
2018-09-11,28.13,52.11,13.95,38
2018-09-12,31.03,50.41,0.0,29
2018-09-13,25.56,45.16,3.89,33
2018-09-14,27.01,50.37,1.5,27
2018-09-15,29.33,43.61,0.0,45
2018-09-16,31.29,49.43,1.52,40
2018-09-17,24.04,39.26,0.0,38
2018-09-18,27.03,47.67,16.42,43
2018-09-19,23.32,42.99,0.0,18
2018-09-20,25.62,50.59,16.04,45
2018-09-21,27.96,47.96,0.0,37
2018-09-22,23.6,41.15,0.0,64
2018-09-23,26.09,39.75,39.69,37
2018-09-24,27.26,41.68,18.2,44
2018-09-25,28.04,55.2,0.0,48
2018-09-26,25.27,46.69,0.0,65
2018-09-27,26.63,46.19,6.93,59
2018-09-28,25.21,36.51,0.0,53
2018-09-29,25.99,48.83,0.0,62
2018-09-30,25.07,52.3,8.75,49
2018-10-01,28.63,49.0,17.02,59
2018-10-02,22.18,45.62,7.54,52
2018-10-03,24.82,43.91,4.43,60
2018-10-04,24.68,45.56,0.0,58
2018-10-05,26.37,43.33,0.0,43
2018-10-06,24.72,43.22,0.0,57
2018-10-07,24.39,53.81,0.0,47
2018-10-08,21.3,41.58,1.84,66
2018-10-09,24.17,47.31,0.0,44
2018-10-10,24.52,44.11,0.0,59
2018-10-11,26.27,40.22,6.22,57
2018-10-12,22.83,47.85,0.0,69
2018-10-13,24.83,49.12,0.0,55
2018-10-14,24.64,36.98,2.38,65
2018-10-15,25.5,45.85,22.23,47
2018-10-16,19.41,45.75,0.0,41
2018-10-17,24.03,38.97,0.0,57
2018-10-18,24.28,40.28,1.06,56
2018-10-19,22.87,45.38,0.0,68
2018-10-20,21.29,50.81,26.73,83
2018-10-21,23.79,50.04,0.0,55
2018-10-22,19.3,47.36,0.0,75
2018-10-23,20.29,48.64,9.68,53
2018-10-24,21.87,47.52,34.41,59
2018-10-25,23.93,43.09,8.64,68
2018-10-26,18.88,48.53,7.0,67
2018-10-27,22.99,42.81,0.0,81
2018-10-28,20.39,45.01,17.02,67
2018-10-29,23.81,40.57,0.0,53
2018-10-30,19.2,52.44,6.46,87
2018-10-31,19.75,41.6,0.0,80
2018-11-01,19.51,51.49,0.0,78
2018-11-02,17.33,50.99,0.0,59
2018-11-03,17.08,46.03,6.74,70
2018-11-04,20.74,50.07,0.0,98
2018-11-05,19.8,50.19,27.91,89
2018-11-06,21.53,52.93,6.16,58
2018-11-07,19.46,45.16,2.66,85
2018-11-08,16.22,49.04,7.94,71
2018-11-09,18.42,44.81,0.0,74
2018-11-10,22.19,42.4,24.8,82
2018-11-11,15.09,50.26,44.1,89
2018-11-12,18.46,47.62,0.0,89
2018-11-13,22.16,46.82,0.0,84
2018-11-14,19.58,42.5,0.0,64
2018-11-15,21.39,54.92,0.0,77
2018-11-16,21.49,47.74,8.63,102
2018-11-17,19.39,48.3,0.0,80
2018-11-18,18.31,55.23,78.11,86
2018-11-19,17.48,50.69,0.0,90
2018-11-20,15.25,50.73,26.56,78
2018-11-21,17.23,47.65,0.0,82
2018-11-22,17.55,53.8,0.0,88
2018-11-23,14.3,48.19,0.0,91
2018-11-24,18.33,50.33,0.0,88
2018-11-25,17.77,45.71,35.33,84
2018-11-26,16.85,47.54,8.41,85
2018-11-27,15.85,49.0,0.0,84
2018-11-28,16.14,53.51,0.0,86
2018-11-29,10.81,51.19,0.0,78
2018-11-30,18.11,42.83,0.25,66
2018-12-01,17.03,47.86,0.0,76
2018-12-02,14.03,52.12,11.85,79
2018-12-03,16.91,49.91,0.0,73
2018-12-04,17.02,46.81,22.45,75
2018-12-05,14.66,54.32,3.34,111
2018-12-06,17.4,38.49,0.0,86
2018-12-07,16.05,62.05,6.62,93
2018-12-08,12.11,52.65,0.0,94
2018-12-09,18.51,48.88,0.0,70
2018-12-10,19.44,48.53,0.0,91
2018-12-11,12.28,53.55,0.0,103
2018-12-12,17.08,57.64,0.0,80
2018-12-13,18.31,58.67,0.0,83
2018-12-14,14.41,53.65,30.61,83
2018-12-15,11.37,69.79,58.7,95
2018-12-16,15.33,52.78,0.0,85
2018-12-17,13.41,44.95,14.03,92
2018-12-18,14.97,64.28,0.0,99
2018-12-19,13.53,60.96,0.0,82
2018-12-20,11.01,50.98,0.0,105
2018-12-21,13.4,56.19,0.0,93
2018-12-22,16.33,56.84,0.0,81
2018-12-23,13.88,56.15,0.0,61
2018-12-24,17.52,55.41,0.0,115
2018-12-25,18.08,64.95,0.0,102
2018-12-26,13.96,64.84,0.0,101
2018-12-27,14.46,62.83,11.72,108
2018-12-28,12.76,56.18,0.0,71
2018-12-29,15.86,53.42,3.37,105
2018-12-30,17.91,65.69,0.0,96
2018-12-31,16.04,53.7,0.0,101
2019-01-01,16.09,67.9,0.0,93
2019-01-02,15.65,50.95,53.84,87
2019-01-03,13.5,58.5,0.0,85
2019-01-04,15.75,53.69,50.84,73
2019-01-05,17.03,63.39,2.7,95
2019-01-06,13.85,68.28,0.0,113
2019-01-07,13.71,63.63,0.0,87
2019-01-08,14.29,60.93,0.0,82
2019-01-09,14.8,67.82,16.13,114
2019-01-10,14.82,55.55,0.0,76
2019-01-11,13.89,64.01,0.0,94
2019-01-12,12.81,59.39,0.0,81
2019-01-13,16.84,55.99,0.0,93
2019-01-14,17.66,61.72,0.0,89
2019-01-15,13.94,65.09,0.0,94
2019-01-16,14.18,64.1,0.0,86
2019-01-17,18.51,63.03,0.0,72
2019-01-18,16.93,67.79,0.0,87
2019-01-19,17.71,64.1,5.14,99
2019-01-20,13.66,69.35,0.0,96
2019-01-21,14.9,61.93,0.0,103
2019-01-22,16.04,59.39,0.0,83
2019-01-23,15.92,77.41,0.0,94
2019-01-24,17.33,65.0,0.0,102
2019-01-25,16.77,71.34,0.0,81
2019-01-26,12.33,63.98,0.0,102
2019-01-27,14.01,66.84,0.0,80
2019-01-28,15.07,65.26,0.0,100
2019-01-29,17.39,67.26,0.0,81
2019-01-30,15.99,64.84,0.0,75
2019-01-31,18.7,61.07,0.0,109
2019-02-01,17.33,73.23,0.0,94
2019-02-02,16.98,64.97,0.0,98
2019-02-03,14.87,64.28,0.0,83
2019-02-04,16.08,76.41,0.0,86
2019-02-05,15.01,76.48,0.0,85
2019-02-06,15.42,70.58,0.0,78
2019-02-07,19.78,68.03,0.0,84
2019-02-08,14.24,74.66,0.0,88
2019-02-09,18.07,60.81,0.0,83
2019-02-10,14.87,72.85,0.0,97
2019-02-11,18.19,67.3,0.0,108
2019-02-12,18.65,70.62,0.0,85
2019-02-13,19.59,76.3,0.0,87
2019-02-14,13.48,75.94,2.23,71
2019-02-15,18.51,74.72,0.0,74
2019-02-16,17.89,75.74,0.0,102
2019-02-17,16.19,77.62,0.0,72
2019-02-18,16.0,68.47,0.0,77
2019-02-19,17.21,69.88,0.0,78
2019-02-20,20.25,73.4,0.0,95
2019-02-21,16.09,80.97,0.0,79
2019-02-22,19.94,69.48,0.0,70
2019-02-23,21.14,60.51,0.0,77
2019-02-24,20.8,70.95,0.0,69
2019-02-25,19.25,77.84,0.0,55
2019-02-26,18.37,71.38,0.0,72
2019-02-27,18.36,70.49,0.0,63
2019-02-28,19.22,77.45,0.0,79
2019-03-01,22.69,77.78,11.99,85
2019-03-02,19.19,82.26,0.0,67
2019-03-03,21.82,85.22,0.0,61
2019-03-04,16.9,78.63,0.0,81
2019-03-05,19.73,61.65,0.0,82
2019-03-06,24.36,78.39,0.0,93
2019-03-07,18.96,76.99,0.0,94
2019-03-08,19.9,74.06,0.0,70
2019-03-09,25.6,82.59,0.0,83
2019-03-10,21.12,61.98,0.0,71
2019-03-11,20.17,74.54,2.66,62
2019-03-12,22.01,77.17,0.0,84
2019-03-13,18.71,70.6,29.08,83
2019-03-14,19.68,72.04,0.0,67
2019-03-15,22.54,76.77,0.0,67
2019-03-16,23.82,75.08,0.0,83
2019-03-17,21.4,81.98,15.91,64
2019-03-18,21.93,77.62,0.0,71
2019-03-19,18.52,74.36,0.0,62
2019-03-20,23.86,78.21,0.0,59
2019-03-21,23.31,77.28,20.66,55
2019-03-22,21.99,69.33,0.0,59
2019-03-23,22.72,71.74,0.0,62
2019-03-24,19.55,79.53,0.0,66
2019-03-25,26.05,77.87,11.9,47
2019-03-26,23.86,77.5,0.0,67
2019-03-27,25.13,77.17,0.0,69
2019-03-28,25.58,76.91,0.0,48
2019-03-29,23.8,75.42,0.0,63
2019-03-30,21.63,67.66,0.0,68
2019-03-31,24.27,74.27,0.0,86
2019-04-01,27.48,76.73,0.0,54
2019-04-02,27.16,76.01,0.0,58
2019-04-03,19.82,71.82,0.0,46
2019-04-04,22.51,81.79,0.0,43
2019-04-05,27.8,71.71,0.0,42
2019-04-06,25.12,77.54,0.0,36
2019-04-07,25.43,75.03,5.32,52
2019-04-08,25.03,69.37,0.0,54
2019-04-09,25.01,72.63,0.0,57
2019-04-10,26.38,72.46,0.0,35
2019-04-11,28.36,75.5,0.0,48
2019-04-12,27.29,75.58,0.0,47
2019-04-13,26.44,74.46,0.0,37
2019-04-14,28.03,84.48,10.51,42
2019-04-15,30.95,74.15,0.0,37
2019-04-16,26.73,70.71,0.0,55
2019-04-17,30.02,75.3,44.5,53
2019-04-18,31.09,66.92,0.0,34
2019-04-19,29.08,86.14,0.0,39
2019-04-20,28.61,70.06,0.0,49
2019-04-21,29.95,74.41,0.0,31
2019-04-22,27.56,81.61,0.0,53
2019-04-23,27.39,80.34,4.17,38
2019-04-24,29.7,80.9,0.0,43
2019-04-25,28.31,73.38,0.0,33
2019-04-26,27.93,67.77,0.0,45
2019-04-27,32.48,72.67,0.0,26
2019-04-28,30.73,70.3,0.0,61
2019-04-29,30.11,75.9,0.0,36
2019-04-30,28.33,73.85,0.0,43
2019-05-01,34.23,65.06,0.0,30
2019-05-02,28.27,72.13,0.0,24
2019-05-03,30.08,84.48,0.0,51
2019-05-04,32.79,63.49,0.0,23
2019-05-05,31.89,73.23,0.0,39
2019-05-06,33.12,69.96,0.0,38
2019-05-07,32.32,65.55,0.0,46
2019-05-08,29.28,66.02,0.0,43
2019-05-09,26.44,68.49,23.77,22
2019-05-10,32.83,78.97,0.0,42
2019-05-11,30.17,70.75,28.13,28
2019-05-12,34.34,69.17,0.0,13
2019-05-13,33.69,72.43,10.57,45
2019-05-14,29.87,76.31,0.0,20
2019-05-15,30.41,70.6,0.0,28
2019-05-16,34.52,71.46,0.0,30
2019-05-17,32.14,73.72,0.0,13
2019-05-18,33.12,69.37,2.42,31
2019-05-19,34.73,72.03,0.0,19
2019-05-20,31.13,73.93,0.0,33
2019-05-21,32.59,66.18,0.0,8
2019-05-22,34.92,63.33,7.15,22
2019-05-23,32.68,72.76,0.0,25
2019-05-24,29.81,73.03,0.0,27
2019-05-25,32.43,67.85,0.0,23
2019-05-26,36.06,61.39,0.0,27
2019-05-27,33.56,78.45,0.0,13
2019-05-28,37.94,71.04,0.0,35
2019-05-29,32.9,68.58,0.0,6
2019-05-30,34.69,69.64,0.0,27
2019-05-31,32.01,71.61,0.0,16
2019-06-01,37.63,79.33,0.0,0
2019-06-02,33.88,72.66,0.0,24
2019-06-03,32.15,74.58,0.0,7
2019-06-04,36.16,71.07,0.0,22
2019-06-05,32.28,67.2,0.0,6
2019-06-06,35.49,65.56,0.0,16
2019-06-07,35.25,58.91,2.51,16
2019-06-08,31.63,65.94,0.08,10
2019-06-09,33.78,70.4,0.0,23
2019-06-10,35.48,59.72,0.0,22
2019-06-11,36.43,66.28,13.67,14
2019-06-12,36.41,63.98,34.71,27
2019-06-13,39.29,57.27,0.0,22
2019-06-14,36.48,67.51,0.0,24
2019-06-15,36.79,66.61,0.0,13
2019-06-16,34.95,64.25,0.0,25
2019-06-17,33.82,62.21,5.45,25
2019-06-18,34.4,57.22,0.0,4
2019-06-19,33.14,71.47,0.0,22
2019-06-20,34.87,58.08,0.0,38
2019-06-21,33.06,74.93,0.0,12
2019-06-22,38.1,56.25,0.0,17
2019-06-23,32.53,69.0,0.0,26
2019-06-24,36.87,57.03,0.0,9
2019-06-25,30.5,58.2,0.0,13
2019-06-26,33.15,59.8,0.0,31
2019-06-27,35.83,56.59,0.0,11
2019-06-28,34.16,56.95,0.0,2
2019-06-29,40.74,67.85,0.0,6
2019-06-30,36.67,67.47,0.0,8
2019-07-01,35.77,55.92,0.0,2
2019-07-02,34.64,67.59,0.0,24
2019-07-03,33.53,65.67,61.66,11
2019-07-04,33.48,59.93,0.0,0
2019-07-05,36.84,59.71,0.0,2
2019-07-06,34.98,54.36,0.0,11
2019-07-07,35.65,52.34,0.0,14
2019-07-08,35.63,62.79,0.0,22
2019-07-09,38.79,66.34,5.61,9
2019-07-10,35.61,52.51,0.0,17
2019-07-11,34.63,53.77,0.0,18
2019-07-12,34.26,61.87,0.0,4
2019-07-13,38.1,69.74,2.88,23
2019-07-14,37.29,60.66,0.0,14
2019-07-15,36.24,63.45,0.0,30
2019-07-16,35.56,58.82,0.0,29
2019-07-17,34.63,53.13,0.0,18
2019-07-18,34.3,64.28,5.92,29
2019-07-19,33.42,56.92,0.0,3
2019-07-20,34.38,50.01,0.0,10
2019-07-21,32.6,63.29,0.0,24
2019-07-22,31.89,53.13,2.16,31
2019-07-23,35.98,57.79,17.73,8
2019-07-24,34.52,57.85,15.14,26
2019-07-25,33.59,47.68,0.0,8
2019-07-26,33.75,56.95,0.0,26
2019-07-27,36.24,55.51,2.2,29
2019-07-28,29.67,47.88,0.0,19
2019-07-29,31.02,58.32,0.0,22
2019-07-30,34.49,53.54,11.57,12
2019-07-31,35.25,57.84,0.0,22
2019-08-01,31.57,54.66,0.0,24
2019-08-02,34.85,48.29,0.0,36
2019-08-03,34.74,37.85,26.59,13
2019-08-04,33.84,47.92,0.0,13
2019-08-05,34.31,54.1,0.0,12
2019-08-06,33.88,48.06,0.0,15
2019-08-07,32.57,49.75,2.25,9
2019-08-08,33.82,54.55,6.48,21
2019-08-09,35.79,47.58,4.67,38
2019-08-10,36.9,39.53,0.0,45
2019-08-11,36.03,53.14,0.0,3
2019-08-12,33.73,48.52,0.0,25
2019-08-13,36.08,54.26,0.0,11
2019-08-14,30.19,50.49,8.02,12
2019-08-15,33.54,51.48,0.0,23
2019-08-16,31.75,61.23,45.01,27
2019-08-17,32.58,50.72,0.0,11
2019-08-18,29.48,51.21,0.98,21
2019-08-19,31.92,46.01,26.43,31
2019-08-20,30.71,54.55,0.0,20
2019-08-21,32.13,48.13,22.98,27
2019-08-22,30.84,49.26,0.0,30
2019-08-23,31.73,51.69,0.0,29
2019-08-24,33.53,53.62,40.48,29
2019-08-25,34.32,48.11,0.0,41
2019-08-26,32.32,52.3,18.03,34
2019-08-27,34.07,47.75,0.0,32
2019-08-28,31.98,50.32,0.0,49
2019-08-29,31.06,53.62,2.13,7
2019-08-30,32.51,49.49,0.0,41
2019-08-31,31.63,49.23,0.0,31
2019-09-01,30.47,44.44,0.0,43
2019-09-02,32.22,54.21,19.23,37
2019-09-03,29.35,44.79,17.4,40
2019-09-04,29.34,53.47,0.0,47
2019-09-05,26.01,55.17,2.26,37
2019-09-06,30.52,40.11,0.0,34
2019-09-07,30.09,38.86,0.0,35
2019-09-08,27.96,40.35,0.0,39
2019-09-09,29.03,47.78,0.0,52
2019-09-10,28.41,50.55,0.0,49
2019-09-11,23.47,43.55,0.0,47
2019-09-12,28.31,50.05,17.23,33
2019-09-13,28.98,33.42,0.0,47
2019-09-14,28.5,45.62,23.36,47
2019-09-15,25.44,45.36,0.0,31
2019-09-16,29.67,50.97,0.0,51
2019-09-17,27.63,49.75,0.0,51
2019-09-18,31.24,40.6,0.0,44
2019-09-19,29.12,38.87,17.99,45
2019-09-20,23.58,47.31,9.06,50
2019-09-21,25.92,42.56,0.0,48
2019-09-22,26.08,43.2,45.87,34
2019-09-23,23.46,43.93,0.0,53
2019-09-24,27.65,45.92,0.0,43
2019-09-25,26.65,43.9,0.0,51
2019-09-26,27.13,43.55,9.11,39
2019-09-27,24.74,49.59,0.0,48
2019-09-28,27.2,50.25,0.0,61
2019-09-29,26.22,50.93,29.81,55
2019-09-30,27.98,42.9,0.0,59
2019-10-01,27.14,40.05,0.0,55
2019-10-02,23.3,42.74,0.0,66
2019-10-03,25.1,47.0,10.46,62
2019-10-04,24.31,49.73,0.0,31
2019-10-05,26.9,47.36,27.95,53
2019-10-06,26.94,48.37,0.0,60
2019-10-07,23.6,51.64,13.44,43
2019-10-08,24.5,48.69,0.0,81
2019-10-09,24.19,45.67,3.98,50
2019-10-10,27.16,53.94,16.06,45
2019-10-11,25.72,38.62,11.32,64
2019-10-12,26.0,61.04,0.0,76
2019-10-13,27.27,51.48,0.0,49
2019-10-14,22.95,35.88,1.51,84
2019-10-15,25.65,52.25,12.58,42
2019-10-16,25.05,45.74,24.2,74
2019-10-17,21.84,37.72,4.76,73
2019-10-18,23.28,46.79,2.69,54
2019-10-19,20.51,46.7,0.0,75
2019-10-20,22.04,44.29,2.57,76
2019-10-21,20.72,37.17,0.0,88
2019-10-22,22.97,44.84,6.59,74
2019-10-23,18.86,45.32,70.13,81
2019-10-24,22.09,38.11,9.3,76
2019-10-25,21.9,43.55,26.61,77
2019-10-26,21.26,48.4,0.0,64
2019-10-27,19.6,41.13,25.13,77
2019-10-28,21.17,50.88,35.32,68
2019-10-29,21.77,42.63,9.27,81
2019-10-30,23.03,48.87,17.24,66
2019-10-31,21.26,49.88,4.92,78
2019-11-01,20.1,44.18,7.97,71
2019-11-02,19.64,46.5,2.21,84
2019-11-03,24.11,40.23,0.0,75
2019-11-04,21.7,32.84,0.0,70
2019-11-05,21.82,36.48,0.0,81
2019-11-06,18.77,49.64,3.71,93
2019-11-07,17.48,62.17,0.0,91
2019-11-08,20.29,28.22,0.0,92
2019-11-09,21.04,47.11,0.0,99
2019-11-10,25.48,53.99,28.11,84
2019-11-11,17.26,53.52,13.47,66
2019-11-12,19.98,41.29,0.0,98
2019-11-13,19.33,54.81,0.0,79
2019-11-14,20.91,62.65,0.0,75
2019-11-15,18.61,46.89,3.7,85
2019-11-16,18.33,49.21,0.0,86
2019-11-17,19.29,47.11,0.0,63
2019-11-18,17.98,50.55,0.0,101
2019-11-19,16.33,55.45,0.0,70
2019-11-20,14.59,58.49,1.6,85
2019-11-21,18.85,56.87,0.0,108
2019-11-22,20.52,48.6,51.98,80
2019-11-23,13.29,51.39,0.0,81
2019-11-24,18.27,54.59,0.0,100
2019-11-25,19.71,62.54,0.0,81
2019-11-26,22.47,50.72,13.83,113
2019-11-27,14.7,52.57,0.0,103
2019-11-28,19.19,58.0,60.58,101
2019-11-29,20.62,58.49,0.0,99
2019-11-30,18.55,48.49,4.31,98
2019-12-01,17.45,52.46,0.0,92
2019-12-02,16.15,39.38,0.0,82
2019-12-03,16.73,50.49,0.0,91
2019-12-04,18.47,47.47,0.0,95
2019-12-05,17.15,55.53,45.44,86
2019-12-06,17.5,54.77,0.0,92
2019-12-07,13.83,55.4,0.0,91
2019-12-08,14.53,50.1,42.82,104
2019-12-09,19.81,55.37,3.16,98
2019-12-10,15.09,46.77,0.0,94
2019-12-11,17.68,54.7,0.0,98
2019-12-12,16.62,52.38,0.0,87
2019-12-13,16.68,51.51,0.39,84
2019-12-14,16.69,58.96,27.85,92
2019-12-15,17.72,48.21,11.78,97
2019-12-16,17.45,65.35,0.0,88
2019-12-17,16.27,52.55,0.95,97
2019-12-18,15.74,48.88,6.32,70
2019-12-19,14.29,51.18,0.0,89
2019-12-20,16.49,52.07,0.0,104
2019-12-21,13.9,61.24,34.96,89
2019-12-22,15.03,51.55,0.0,101
2019-12-23,12.67,55.72,0.0,93
2019-12-24,18.19,70.57,0.0,99
2019-12-25,14.51,44.85,0.0,111
2019-12-26,18.27,58.21,0.0,96
2019-12-27,19.83,60.18,0.0,95
2019-12-28,14.01,61.51,0.0,78
2019-12-29,16.47,60.69,0.0,84
2019-12-30,13.6,61.86,13.3,99
2019-12-31,10.67,65.34,5.06,92
2020-01-01,13.61,58.85,0.0,89
2020-01-02,16.95,59.06,0.0,96
2020-01-03,17.1,65.77,0.0,118
2020-01-04,16.42,58.84,0.0,104
2020-01-05,19.17,55.82,25.51,95
2020-01-06,16.97,53.45,30.48,98
2020-01-07,19.04,71.53,0.0,101
2020-01-08,14.06,55.43,3.56,105
2020-01-09,16.96,54.58,0.0,110
2020-01-10,12.76,59.26,0.0,97
2020-01-11,14.46,62.33,0.0,99
2020-01-12,15.24,66.02,0.0,115
2020-01-13,15.61,68.47,0.0,95
2020-01-14,14.1,65.84,0.0,86
2020-01-15,16.03,64.33,0.0,91
2020-01-16,15.02,68.27,0.0,87
2020-01-17,17.96,73.03,0.0,93
2020-01-18,14.29,61.94,0.0,100
2020-01-19,19.71,62.29,0.0,92
2020-01-20,14.49,63.85,0.0,97
2020-01-21,16.0,64.27,0.0,87
2020-01-22,13.86,68.99,0.0,96
2020-01-23,14.3,77.7,0.0,86
2020-01-24,17.05,63.45,0.0,101
2020-01-25,14.57,57.53,0.0,104
2020-01-26,17.72,61.1,0.0,78
2020-01-27,14.71,60.9,0.0,97
2020-01-28,16.89,73.74,0.0,93
2020-01-29,16.29,74.69,0.0,92
2020-01-30,17.68,68.1,0.0,72
2020-01-31,17.55,60.88,0.0,86
2020-02-01,13.86,57.83,0.0,64
2020-02-02,15.12,70.16,18.47,86
2020-02-03,16.37,67.44,0.0,85
2020-02-04,17.98,57.55,0.0,72
2020-02-05,16.95,73.9,1.54,74
2020-02-06,18.3,71.39,0.0,91
2020-02-07,16.06,66.88,6.58,82
2020-02-08,17.37,64.74,0.0,86
2020-02-09,18.89,66.56,0.0,108
2020-02-10,19.41,64.5,0.0,108
2020-02-11,19.57,59.57,0.0,89
2020-02-12,17.67,71.41,0.0,93
2020-02-13,19.0,64.55,0.0,95
2020-02-14,16.41,71.35,0.0,89
2020-02-15,15.94,68.27,0.0,82
2020-02-16,19.93,70.7,0.0,95
2020-02-17,21.42,62.29,14.3,87
2020-02-18,17.22,67.16,0.0,83
2020-02-19,19.08,72.62,5.83,94
2020-02-20,19.49,68.47,0.0,79
2020-02-21,17.89,69.86,7.26,75
2020-02-22,18.08,70.02,0.0,81
2020-02-23,20.82,70.84,0.0,70
2020-02-24,24.38,61.31,0.0,90
2020-02-25,18.42,76.68,0.0,104
2020-02-26,18.47,74.3,0.0,92
2020-02-27,22.18,69.82,0.0,77
2020-02-28,19.61,71.41,0.0,80
2020-02-29,22.56,88.11,0.0,89
2020-03-01,20.0,71.99,0.0,70
2020-03-02,21.35,67.52,17.82,75
2020-03-03,19.37,69.98,0.0,74
2020-03-04,19.33,71.06,0.0,74
2020-03-05,23.35,78.19,1.82,82
2020-03-06,21.81,74.65,0.0,83
2020-03-07,22.07,80.98,0.0,87
2020-03-08,21.87,76.71,0.0,97
2020-03-09,24.44,73.89,0.0,82
2020-03-10,19.06,75.15,0.0,77
2020-03-11,21.62,71.68,0.0,76
2020-03-12,27.88,72.46,2.88,83
2020-03-13,23.7,75.15,0.0,65
2020-03-14,25.28,81.19,28.66,80
2020-03-15,21.79,71.69,0.0,57
2020-03-16,23.65,75.97,0.0,67
2020-03-17,23.58,79.07,0.0,68
2020-03-18,24.88,79.82,0.0,54
2020-03-19,23.37,72.23,0.0,90
2020-03-20,24.98,77.43,0.0,76
2020-03-21,24.4,67.56,7.16,65
2020-03-22,23.97,70.92,0.0,48
2020-03-23,26.83,83.02,7.95,73
2020-03-24,24.38,71.76,0.0,79
2020-03-25,24.39,68.35,0.0,79
2020-03-26,23.87,71.69,0.0,73
2020-03-27,26.88,79.07,0.0,54
2020-03-28,27.1,67.79,0.0,74
2020-03-29,25.46,74.84,0.0,72
2020-03-30,28.21,81.01,10.15,44
2020-03-31,25.44,88.22,3.78,53
2020-04-01,23.72,75.52,0.0,70
2020-04-02,21.75,78.16,0.0,67
2020-04-03,27.25,73.67,0.0,54
2020-04-04,25.79,74.96,13.9,51
2020-04-05,24.84,71.58,0.0,56
2020-04-06,27.98,73.5,3.78,43
2020-04-07,27.07,70.81,0.0,47
2020-04-08,26.31,72.51,0.0,56
2020-04-09,28.49,81.1,0.0,31
2020-04-10,23.78,73.78,2.69,63
2020-04-11,29.48,74.39,0.0,48
2020-04-12,28.96,85.43,0.0,35
2020-04-13,28.3,74.23,0.0,46
2020-04-14,30.95,70.43,0.0,52
2020-04-15,25.54,67.81,10.36,29
2020-04-16,27.25,74.26,0.0,55
2020-04-17,26.09,63.24,12.96,47
2020-04-18,28.08,71.82,0.0,31
2020-04-19,25.93,69.42,0.0,47
2020-04-20,31.47,70.0,0.0,72
2020-04-21,27.5,71.63,0.0,47
2020-04-22,27.84,66.2,0.0,39
2020-04-23,25.24,71.24,0.0,22
2020-04-24,30.04,80.59,0.0,35
2020-04-25,31.81,81.02,0.0,42
2020-04-26,26.43,73.53,0.0,50
2020-04-27,30.9,67.16,0.0,44
2020-04-28,26.94,77.62,0.0,37
2020-04-29,33.75,75.57,2.36,29
2020-04-30,29.49,70.34,0.0,45
2020-05-01,31.67,73.11,0.0,59
2020-05-02,29.49,81.06,25.23,55
2020-05-03,33.0,72.23,0.0,18
2020-05-04,29.36,71.38,0.0,40
2020-05-05,29.3,66.77,0.0,18
2020-05-06,36.27,68.81,0.0,35
2020-05-07,31.06,72.28,0.0,50
2020-05-08,33.88,65.33,0.0,32
2020-05-09,28.67,72.24,0.0,22
2020-05-10,32.42,59.14,0.0,41
2020-05-11,34.43,72.91,0.0,40
2020-05-12,30.33,75.24,0.0,43
2020-05-13,33.91,71.25,0.0,42
2020-05-14,32.76,73.61,0.0,54
2020-05-15,33.7,65.54,0.0,22
2020-05-16,30.67,68.8,0.0,29
2020-05-17,33.77,71.45,0.0,34
2020-05-18,30.47,73.64,3.75,33
2020-05-19,34.48,68.07,0.0,35
2020-05-20,26.22,66.92,0.0,31
2020-05-21,32.93,67.29,0.0,20
2020-05-22,30.97,65.18,0.0,25
2020-05-23,31.59,79.95,0.0,16
2020-05-24,31.72,68.33,0.0,32
2020-05-25,31.66,70.92,34.28,17
2020-05-26,34.36,74.56,0.0,39
2020-05-27,37.96,68.14,16.65,26
2020-05-28,34.3,58.63,0.0,36
2020-05-29,35.32,64.31,0.0,0
2020-05-30,31.03,58.66,0.0,32
2020-05-31,35.82,66.82,23.71,29
2020-06-01,31.64,65.32,0.0,24
2020-06-02,36.15,63.79,16.78,17
2020-06-03,31.46,65.65,0.0,25
2020-06-04,31.68,66.39,0.0,20
2020-06-05,37.18,72.19,0.0,38
2020-06-06,36.25,61.88,0.0,27
2020-06-07,32.13,67.29,7.44,27
2020-06-08,32.24,68.75,0.0,21
2020-06-09,37.76,61.24,0.0,5
2020-06-10,38.27,59.57,0.08,18
2020-06-11,32.8,61.79,0.0,16
2020-06-12,38.02,68.86,0.0,16
2020-06-13,33.5,60.09,3.74,25
2020-06-14,33.88,68.35,0.0,38
2020-06-15,37.82,55.03,0.0,9
2020-06-16,35.72,63.64,19.4,24
2020-06-17,33.37,64.22,15.98,32
2020-06-18,36.83,67.15,0.0,15
2020-06-19,33.97,60.51,0.0,12
2020-06-20,34.51,60.97,4.24,30
2020-06-21,35.9,70.93,0.0,23
2020-06-22,34.44,61.5,0.0,0
2020-06-23,34.29,65.66,0.0,26
2020-06-24,37.84,67.48,11.6,3
2020-06-25,35.07,72.23,1.18,32
2020-06-26,35.72,68.05,0.0,22
2020-06-27,31.78,55.49,0.0,0
2020-06-28,33.5,52.56,0.0,23
2020-06-29,36.06,69.28,0.0,17
2020-06-30,37.65,55.53,0.0,19
2020-07-01,33.47,52.01,0.0,15
2020-07-02,34.71,54.62,44.55,19
2020-07-03,32.68,48.74,0.0,10
2020-07-04,35.69,60.64,6.92,31
2020-07-05,36.8,60.16,0.0,12
2020-07-06,37.2,57.52,0.0,21
2020-07-07,34.07,65.71,0.0,29
2020-07-08,32.12,57.96,15.91,32
2020-07-09,33.5,63.68,0.0,10
2020-07-10,35.21,63.01,0.0,13
2020-07-11,36.95,53.45,0.0,11
2020-07-12,33.92,59.4,15.47,25
2020-07-13,35.64,60.33,0.0,19
2020-07-14,34.32,58.08,0.0,39
2020-07-15,33.0,57.37,2.64,22
2020-07-16,34.86,62.74,14.9,24
2020-07-17,37.71,57.79,4.48,32
2020-07-18,39.7,50.73,19.07,14
2020-07-19,34.23,52.24,8.95,41
2020-07-20,34.86,59.97,0.0,38
2020-07-21,36.01,46.31,16.17,20
2020-07-22,38.13,51.95,0.0,31
2020-07-23,35.12,59.62,3.39,30
2020-07-24,32.98,52.0,9.69,25
2020-07-25,34.32,53.32,0.0,18
2020-07-26,34.66,51.39,0.0,24
2020-07-27,36.61,44.36,0.0,16
2020-07-28,32.58,52.52,0.0,26
2020-07-29,34.93,62.24,0.0,14
2020-07-30,36.2,52.62,0.0,7
2020-07-31,35.18,54.4,0.0,27
2020-08-01,38.16,50.5,0.0,45
2020-08-02,35.31,59.69,0.0,21
2020-08-03,33.58,59.46,0.0,26
2020-08-04,33.2,56.3,15.82,26
2020-08-05,37.8,47.51,17.12,31
2020-08-06,33.84,46.37,0.0,17
2020-08-07,33.89,47.72,6.33,25
2020-08-08,32.67,43.27,0.0,19
2020-08-09,30.68,43.58,3.62,33
2020-08-10,31.89,53.36,0.0,23
2020-08-11,30.3,57.37,1.43,51
2020-08-12,35.94,59.33,0.0,36
2020-08-13,33.59,51.32,62.45,31
2020-08-14,31.09,45.93,0.0,11
2020-08-15,30.03,52.78,0.0,18
2020-08-16,33.56,56.52,0.0,31
2020-08-17,33.08,44.47,2.79,25
2020-08-18,33.89,50.0,2.57,50
2020-08-19,32.25,45.97,0.0,41
2020-08-20,28.95,47.91,1.42,29
2020-08-21,35.74,52.63,0.0,29
2020-08-22,31.48,55.22,39.83,27
2020-08-23,31.1,46.34,5.23,38
2020-08-24,35.08,45.22,0.0,49
2020-08-25,28.96,41.14,0.0,29
2020-08-26,28.23,44.54,0.0,47
2020-08-27,30.72,41.26,1.85,40
2020-08-28,33.7,50.47,0.0,35
2020-08-29,29.68,42.41,0.0,61
2020-08-30,34.6,47.85,1.46,30
2020-08-31,27.39,57.42,0.0,50
2020-09-01,27.97,55.44,44.1,31
2020-09-02,26.38,43.55,0.0,41
2020-09-03,31.18,44.32,4.31,37
2020-09-04,29.29,55.45,0.0,56
2020-09-05,28.5,40.62,0.0,40
2020-09-06,29.62,39.49,0.0,45
2020-09-07,33.86,45.33,0.0,15
2020-09-08,29.79,49.71,12.89,40
2020-09-09,32.68,49.09,0.0,34
2020-09-10,28.54,40.03,56.27,55
2020-09-11,28.27,40.66,0.0,53
2020-09-12,28.92,41.96,0.0,43
2020-09-13,28.51,52.04,9.56,41
2020-09-14,27.25,42.23,0.0,49
2020-09-15,25.6,52.65,2.97,58
2020-09-16,30.09,45.83,4.03,54
2020-09-17,26.22,47.48,47.97,61
2020-09-18,30.76,48.02,0.0,62
2020-09-19,29.08,40.45,0.0,54
2020-09-20,25.85,39.3,17.59,48
2020-09-21,30.74,48.62,14.91,45
2020-09-22,27.72,41.08,0.0,64
2020-09-23,26.97,46.16,30.3,61
2020-09-24,26.52,38.69,22.73,49
2020-09-25,24.82,51.0,20.01,64
2020-09-26,25.23,43.46,2.75,70
2020-09-27,26.95,40.8,0.0,40
2020-09-28,24.45,47.71,5.72,61
2020-09-29,25.56,48.83,0.0,57
2020-09-30,27.95,48.1,0.0,52
2020-10-01,27.64,43.89,0.35,58
2020-10-02,22.54,52.23,2.74,55
2020-10-03,25.86,46.1,0.0,59
2020-10-04,24.97,38.23,4.57,73
2020-10-05,26.58,51.07,0.0,60
2020-10-06,26.17,43.55,27.35,77
2020-10-07,27.5,46.39,0.0,59
2020-10-08,26.45,51.25,8.83,63
2020-10-09,27.29,43.66,13.65,56
2020-10-10,22.0,39.56,0.0,62
2020-10-11,23.24,49.5,0.0,71
2020-10-12,21.72,42.67,0.0,74
2020-10-13,25.13,36.4,9.5,91
2020-10-14,23.65,50.73,8.44,65
2020-10-15,22.86,48.9,7.02,59
2020-10-16,24.43,43.11,0.0,74
2020-10-17,21.41,48.65,8.23,72
2020-10-18,26.14,53.27,0.0,62
2020-10-19,21.87,53.73,0.0,56
2020-10-20,24.46,47.46,0.0,81
2020-10-21,21.08,43.16,0.0,75
2020-10-22,22.46,51.82,1.62,78
2020-10-23,21.56,53.89,0.0,76
2020-10-24,22.91,41.55,24.1,76
2020-10-25,23.85,46.14,0.0,67
2020-10-26,24.84,47.94,0.0,76
2020-10-27,23.34,48.87,27.63,86
2020-10-28,17.73,52.7,22.13,90
2020-10-29,17.94,49.52,9.27,81
2020-10-30,18.44,52.4,0.0,78
2020-10-31,20.03,50.98,0.0,103
2020-11-01,21.78,43.24,0.0,80
2020-11-02,21.72,57.07,0.0,83
2020-11-03,21.21,44.32,4.85,76
2020-11-04,22.69,53.46,0.64,85
2020-11-05,17.75,43.61,2.57,78
2020-11-06,22.16,51.49,0.0,98
2020-11-07,19.63,54.56,0.0,90
2020-11-08,19.82,45.52,59.99,89
2020-11-09,16.15,50.02,17.53,75
2020-11-10,18.6,50.43,0.0,75
2020-11-11,19.35,46.36,3.1,102
2020-11-12,17.15,55.31,26.7,98
2020-11-13,17.59,51.48,4.58,90
2020-11-14,18.71,49.16,0.0,84
2020-11-15,19.52,58.99,0.0,91
2020-11-16,18.74,57.35,0.0,80
2020-11-17,17.92,43.76,0.0,88
2020-11-18,16.94,46.87,0.0,100
2020-11-19,19.72,58.61,31.01,98
2020-11-20,18.73,55.63,12.69,99
2020-11-21,15.43,42.65,6.84,89
2020-11-22,17.22,49.34,0.0,95
2020-11-23,19.97,52.3,0.0,90
2020-11-24,19.99,53.31,0.0,85
2020-11-25,18.48,48.73,0.62,75
2020-11-26,18.95,53.17,0.0,98
2020-11-27,17.09,50.6,11.2,82
2020-11-28,17.24,58.78,20.75,91
2020-11-29,17.61,48.96,0.0,88
2020-11-30,14.94,43.29,2.98,88
2020-12-01,18.0,62.23,0.0,126
2020-12-02,15.82,56.14,0.0,92
2020-12-03,18.5,53.35,0.0,86
2020-12-04,14.7,49.06,21.77,104
2020-12-05,15.94,58.63,0.0,94
2020-12-06,15.71,39.46,0.0,66
2020-12-07,15.78,52.45,29.04,106
2020-12-08,20.09,55.3,0.0,96
2020-12-09,18.85,43.58,0.58,90
2020-12-10,15.61,56.67,0.0,92
2020-12-11,15.5,55.58,0.0,95
2020-12-12,18.99,50.99,0.0,101
2020-12-13,14.92,58.75,0.0,86
2020-12-14,18.3,51.8,0.0,98
2020-12-15,13.4,57.23,0.0,101
2020-12-16,13.83,63.51,0.0,113
2020-12-17,12.93,57.29,0.0,114
2020-12-18,19.33,57.11,0.0,99
2020-12-19,16.38,53.98,0.0,99
2020-12-20,15.92,58.57,0.0,92
2020-12-21,17.12,52.34,5.13,94
2020-12-22,14.9,59.14,12.71,110
2020-12-23,16.32,62.83,0.0,107
2020-12-24,16.42,59.97,0.0,87
2020-12-25,15.89,60.56,0.0,114
2020-12-26,15.66,60.45,0.0,91
2020-12-27,19.7,65.09,0.0,109
2020-12-28,14.6,62.62,0.0,110
2020-12-29,15.87,66.19,0.0,100
2020-12-30,14.55,60.55,25.57,104
2020-12-31,17.44,60.28,0.84,82
2021-01-01,19.94,56.46,0.0,102
2021-01-02,15.3,59.48,0.0,97
2021-01-03,16.96,61.07,0.0,105
2021-01-04,17.95,60.53,0.0,113
2021-01-05,17.58,67.11,13.12,100
2021-01-06,15.13,63.31,0.0,109
2021-01-07,15.17,60.49,0.0,111
2021-01-08,15.79,60.56,0.0,121
2021-01-09,15.96,61.38,0.0,97
2021-01-10,14.56,52.35,5.69,120
2021-01-11,17.41,58.06,10.42,79
2021-01-12,16.99,66.62,0.0,102
2021-01-13,14.83,67.46,6.39,92
2021-01-14,18.11,64.59,0.0,128
2021-01-15,16.97,57.15,0.0,115
2021-01-16,13.62,70.14,0.0,103
2021-01-17,18.47,72.83,0.0,108
2021-01-18,17.08,71.06,0.0,97
2021-01-19,16.31,68.3,52.87,107
2021-01-20,15.19,61.59,11.69,98
2021-01-21,17.45,55.65,0.0,96
2021-01-22,13.93,76.25,0.0,124
2021-01-23,19.18,74.8,0.0,94
2021-01-24,18.73,68.22,0.0,97
2021-01-25,18.82,60.55,0.0,106
2021-01-26,15.13,61.72,0.0,104
2021-01-27,20.28,59.37,0.0,99
2021-01-28,15.76,70.16,0.0,113
2021-01-29,16.5,73.44,0.0,99
2021-01-30,19.89,62.4,0.0,109
2021-01-31,14.22,67.36,0.0,83
2021-02-01,19.81,64.97,0.49,97
2021-02-02,17.15,67.04,0.0,82
2021-02-03,18.92,76.52,39.28,94
2021-02-04,21.31,67.43,0.0,90
2021-02-05,19.37,68.65,19.94,105
2021-02-06,16.24,71.72,0.0,94
2021-02-07,14.92,58.88,0.0,91
2021-02-08,15.54,68.46,0.0,126
2021-02-09,19.56,64.39,0.0,92
2021-02-10,15.67,67.44,0.0,101
2021-02-11,18.54,66.36,0.0,97
2021-02-12,16.12,71.23,0.0,103
2021-02-13,19.08,76.05,0.0,106
2021-02-14,18.22,67.93,0.0,105
2021-02-15,17.33,73.94,0.0,98
2021-02-16,19.78,76.74,0.0,93
2021-02-17,20.85,70.89,0.0,105
2021-02-18,19.8,63.45,1.82,80
2021-02-19,19.6,66.37,0.0,87
2021-02-20,14.26,70.52,0.0,76
2021-02-21,21.6,77.08,0.0,81
2021-02-22,21.77,79.9,18.67,79
2021-02-23,20.37,72.53,0.0,76
2021-02-24,20.46,73.84,0.0,80
2021-02-25,18.75,62.7,0.0,90
2021-02-26,24.1,72.73,0.0,75
2021-02-27,18.9,70.78,0.0,86
2021-02-28,20.33,78.93,0.0,66
2021-03-01,19.07,75.48,0.0,85
2021-03-02,24.36,75.15,0.0,87
2021-03-03,19.26,74.43,0.0,80
2021-03-04,22.14,79.88,0.0,77
2021-03-05,18.48,74.01,0.0,75
2021-03-06,17.07,67.89,5.34,74
2021-03-07,22.74,78.33,0.0,84
2021-03-08,21.17,76.22,0.0,77
2021-03-09,24.03,66.11,0.0,76
2021-03-10,24.28,78.96,0.0,89
2021-03-11,21.75,69.55,0.0,55
2021-03-12,21.46,80.69,0.0,44
2021-03-13,21.22,72.52,0.0,80
2021-03-14,19.61,73.33,0.0,81
2021-03-15,25.06,70.7,0.36,48
2021-03-16,22.04,72.58,0.0,85
2021-03-17,15.84,70.57,0.0,78
2021-03-18,22.88,73.93,0.0,69
2021-03-19,26.71,72.45,0.0,83
2021-03-20,26.46,74.92,0.0,69
2021-03-21,20.85,77.73,0.0,72
2021-03-22,22.18,81.09,0.0,74
2021-03-23,21.17,67.8,0.0,71
2021-03-24,22.33,73.78,0.0,54
2021-03-25,25.96,77.01,0.0,61
2021-03-26,23.44,80.57,0.0,60
2021-03-27,21.31,78.48,0.0,61
2021-03-28,24.68,76.18,0.0,52
2021-03-29,22.21,70.48,0.0,61
2021-03-30,27.32,68.71,0.0,64
2021-03-31,25.76,69.97,0.0,70
2021-04-01,20.78,78.65,0.0,62
2021-04-02,26.56,76.89,0.0,46
2021-04-03,25.39,75.39,0.0,55
2021-04-04,25.98,82.19,0.0,54
2021-04-05,26.33,72.24,0.0,71
2021-04-06,22.09,73.78,0.0,55
2021-04-07,23.44,76.94,0.0,82
2021-04-08,26.79,72.33,9.44,46
2021-04-09,29.17,76.63,0.0,53
2021-04-10,29.44,70.84,0.0,77
2021-04-11,27.76,78.59,0.0,52
2021-04-12,27.72,77.15,14.63,62
2021-04-13,26.17,74.44,0.0,53
2021-04-14,28.7,73.53,0.0,47
2021-04-15,30.35,77.61,0.0,49
2021-04-16,28.4,67.2,0.83,56
2021-04-17,27.08,75.91,0.0,37
2021-04-18,26.27,72.27,0.0,39
2021-04-19,29.83,67.17,0.0,25
2021-04-20,27.57,74.49,25.14,39
2021-04-21,30.83,71.49,0.0,44
2021-04-22,26.14,70.58,0.0,51
2021-04-23,30.97,68.73,0.0,37
2021-04-24,31.29,69.46,0.0,33
2021-04-25,29.03,74.21,0.0,41
2021-04-26,31.45,77.83,0.0,62
2021-04-27,30.47,75.31,0.0,49
2021-04-28,28.28,68.3,0.0,31
2021-04-29,28.46,76.43,0.0,19
2021-04-30,28.69,69.9,0.0,50
2021-05-01,27.49,68.44,0.0,47
2021-05-02,28.15,73.69,40.08,58
2021-05-03,28.68,70.33,0.0,30
2021-05-04,31.48,74.15,0.0,36
2021-05-05,31.91,73.67,0.0,43
2021-05-06,29.25,65.17,25.48,41
2021-05-07,34.61,65.34,0.0,46
2021-05-08,31.47,75.87,0.0,50
2021-05-09,30.44,70.52,0.0,34
2021-05-10,34.12,75.56,0.0,34
2021-05-11,26.66,77.43,0.0,39
2021-05-12,32.15,76.67,5.23,37
2021-05-13,30.43,76.05,18.23,41
2021-05-14,30.57,77.71,0.0,21
2021-05-15,31.81,66.31,0.0,29
2021-05-16,33.85,63.84,0.0,31
2021-05-17,33.4,75.3,0.0,38
2021-05-18,31.8,78.0,1.12,34
2021-05-19,36.08,71.16,0.0,6
2021-05-20,35.38,76.36,0.0,41
2021-05-21,29.74,72.4,0.0,28
2021-05-22,33.82,63.47,0.0,32
2021-05-23,32.57,72.13,0.0,15
2021-05-24,31.65,69.89,0.0,44
2021-05-25,31.75,67.83,0.0,17
2021-05-26,32.39,73.34,0.0,39
2021-05-27,35.82,75.1,0.0,48
2021-05-28,33.53,66.61,0.0,31
2021-05-29,35.91,71.35,0.0,34
2021-05-30,33.88,62.18,0.0,16
2021-05-31,35.91,69.42,0.0,17
2021-06-01,34.73,59.73,0.0,32
2021-06-02,37.82,65.29,0.0,51
2021-06-03,35.43,67.23,0.0,12
2021-06-04,36.61,69.17,0.79,46
2021-06-05,34.38,63.89,10.57,22
2021-06-06,35.63,63.33,4.95,28
2021-06-07,34.49,68.71,0.0,31
2021-06-08,36.09,70.53,0.0,26
2021-06-09,37.99,56.95,0.0,28
2021-06-10,34.49,67.38,40.76,33
2021-06-11,36.95,73.96,0.0,25
2021-06-12,32.43,67.77,0.0,25
2021-06-13,33.31,59.65,2.75,12
2021-06-14,33.83,67.18,0.0,25
2021-06-15,32.78,58.72,0.0,36
2021-06-16,37.77,72.16,39.31,11
2021-06-17,36.3,71.28,37.46,21
2021-06-18,32.14,54.17,0.0,42
2021-06-19,33.48,61.42,15.93,31
2021-06-20,32.8,68.61,0.0,23
2021-06-21,32.85,64.46,0.0,33
2021-06-22,36.61,68.36,0.0,25
2021-06-23,35.3,64.32,0.0,27
2021-06-24,35.9,66.16,0.36,44
2021-06-25,38.2,56.64,0.0,8
2021-06-26,33.61,55.66,29.12,34
2021-06-27,37.78,66.61,0.0,16
2021-06-28,38.12,56.44,0.0,1
2021-06-29,36.65,53.59,0.0,6
2021-06-30,31.81,65.4,0.0,21
2021-07-01,36.76,68.1,0.0,31
2021-07-02,35.35,61.62,0.0,23
2021-07-03,37.85,48.37,0.0,25
2021-07-04,36.71,64.82,21.96,26
2021-07-05,38.51,66.08,1.14,15
2021-07-06,34.31,57.42,0.0,28
2021-07-07,34.98,51.42,0.0,6
2021-07-08,35.34,66.27,0.0,13
2021-07-09,34.55,63.69,0.0,20
2021-07-10,37.56,50.8,0.0,23
2021-07-11,35.55,66.63,0.0,19
2021-07-12,31.3,52.73,0.0,20
2021-07-13,33.7,48.76,11.47,6
2021-07-14,36.3,56.52,0.0,26
2021-07-15,32.6,57.4,0.0,27
2021-07-16,36.55,63.71,0.0,18
2021-07-17,34.01,62.36,0.0,32
2021-07-18,36.19,58.54,0.0,15
2021-07-19,34.03,61.52,0.0,30
2021-07-20,31.55,53.52,0.0,28
2021-07-21,35.19,63.54,1.89,32
2021-07-22,36.19,48.09,0.0,17
2021-07-23,31.42,58.69,0.0,37
2021-07-24,36.1,55.18,0.0,4
2021-07-25,35.77,61.76,2.84,31
2021-07-26,36.53,55.39,0.0,21
2021-07-27,35.16,46.08,10.31,17
2021-07-28,35.19,50.24,0.0,11
2021-07-29,36.32,60.85,55.85,26
2021-07-30,33.64,51.89,0.0,33
2021-07-31,31.25,49.14,2.28,24
2021-08-01,31.79,56.61,0.0,8
2021-08-02,36.08,54.68,0.0,30
2021-08-03,31.64,46.61,10.01,36
2021-08-04,34.23,58.17,0.0,38
2021-08-05,30.95,56.36,0.0,28
2021-08-06,32.73,47.7,0.0,21
2021-08-07,36.44,48.77,2.98,7
2021-08-08,33.8,45.07,0.07,19
2021-08-09,33.79,53.45,0.0,40
2021-08-10,34.67,51.19,22.07,20
2021-08-11,32.62,47.16,23.89,22
2021-08-12,28.55,47.28,0.0,34
2021-08-13,36.04,52.08,8.56,25
2021-08-14,36.28,50.04,0.0,31
2021-08-15,34.15,48.36,0.0,30
2021-08-16,33.01,55.9,0.0,25
2021-08-17,32.19,52.36,0.0,28
2021-08-18,35.77,48.17,0.0,40
2021-08-19,33.88,45.5,9.55,16
2021-08-20,32.84,55.9,0.0,55
2021-08-21,31.48,50.46,0.0,19
2021-08-22,28.15,49.3,0.0,43
2021-08-23,33.05,49.35,0.0,33
2021-08-24,32.22,42.42,0.0,57
2021-08-25,32.47,41.13,0.0,53
2021-08-26,36.27,49.19,0.0,37
2021-08-27,24.91,48.86,0.0,45
2021-08-28,29.97,46.57,5.95,25
2021-08-29,27.51,42.4,0.0,50
2021-08-30,33.17,61.3,9.54,44
2021-08-31,30.98,45.88,0.0,26
2021-09-01,31.24,49.42,12.26,34
2021-09-02,33.86,47.55,0.0,50
2021-09-03,31.71,45.48,0.0,42
2021-09-04,29.27,54.01,0.0,46
2021-09-05,29.72,38.3,0.0,51
2021-09-06,27.09,51.39,9.36,34
2021-09-07,26.91,55.89,0.5,57
2021-09-08,28.28,48.01,0.0,31
2021-09-09,28.61,46.61,0.0,45
2021-09-10,29.32,44.36,0.0,40
2021-09-11,25.5,49.6,0.0,56
2021-09-12,28.24,48.17,0.0,65
2021-09-13,30.18,49.73,1.81,79
2021-09-14,24.05,47.28,0.0,59
2021-09-15,28.22,45.5,4.67,46
2021-09-16,27.72,41.9,6.35,41
2021-09-17,28.45,51.12,0.0,65
2021-09-18,26.45,44.56,0.0,62
2021-09-19,23.32,49.65,33.37,34
2021-09-20,26.95,45.84,0.0,50
2021-09-21,32.44,48.36,0.0,62
2021-09-22,23.33,45.44,0.0,52
2021-09-23,26.04,51.3,6.39,56
2021-09-24,24.36,47.62,0.98,64
2021-09-25,25.85,51.9,6.3,55
2021-09-26,25.64,41.54,0.0,54
2021-09-27,22.92,41.04,23.36,64
2021-09-28,27.12,48.45,52.96,62
2021-09-29,25.59,41.69,38.68,71
2021-09-30,25.65,41.03,0.0,72
2021-10-01,23.27,43.55,0.63,59
2021-10-02,25.27,47.38,3.06,62
2021-10-03,25.32,43.13,11.64,74
2021-10-04,26.24,48.63,0.0,56
2021-10-05,26.51,48.41,0.06,76
2021-10-06,24.62,31.45,18.33,59
2021-10-07,25.11,58.25,0.0,59
2021-10-08,26.23,50.24,0.0,55
2021-10-09,25.59,43.88,12.01,48
2021-10-10,23.61,49.89,0.0,66
2021-10-11,24.45,51.93,0.0,76
2021-10-12,24.81,56.77,0.34,61
2021-10-13,23.3,44.27,0.0,69
2021-10-14,24.25,49.44,0.0,94
2021-10-15,21.97,43.57,0.0,78
2021-10-16,22.0,48.98,6.49,95
2021-10-17,22.58,52.39,73.59,84
2021-10-18,23.54,41.69,0.0,86
2021-10-19,22.44,47.84,0.0,73
2021-10-20,23.83,47.5,30.32,81
2021-10-21,22.44,53.96,7.9,74
2021-10-22,24.12,43.26,0.0,74
2021-10-23,18.93,48.09,12.11,84
2021-10-24,25.63,48.54,0.0,75
2021-10-25,24.27,45.05,4.57,81
2021-10-26,25.35,43.71,15.91,89
2021-10-27,20.25,38.78,1.91,82
2021-10-28,20.3,62.36,20.53,71
2021-10-29,19.98,51.39,0.0,73
2021-10-30,20.74,44.37,0.0,66
2021-10-31,19.18,47.77,31.6,87
2021-11-01,21.57,49.24,8.16,93
2021-11-02,19.65,45.6,0.0,97
2021-11-03,17.09,46.52,1.49,86
2021-11-04,17.84,53.91,0.0,73
2021-11-05,19.24,54.75,0.0,98
2021-11-06,21.55,48.04,0.0,86
2021-11-07,18.31,51.96,36.25,93
2021-11-08,20.48,48.57,0.0,95
2021-11-09,16.79,41.97,0.0,77
2021-11-10,19.01,48.4,0.0,85
2021-11-11,22.66,52.73,0.0,82
2021-11-12,19.47,42.64,0.0,105
2021-11-13,16.34,43.91,18.56,110
2021-11-14,19.65,50.68,3.85,112
2021-11-15,19.61,51.02,17.61,93
2021-11-16,17.96,50.63,1.71,76
2021-11-17,19.27,43.73,1.9,94
2021-11-18,19.25,45.55,0.0,80
2021-11-19,19.58,48.26,0.0,98
2021-11-20,19.98,58.22,0.0,105
2021-11-21,19.92,48.81,10.42,95
2021-11-22,16.58,48.41,0.0,94
2021-11-23,19.34,50.98,4.97,107
2021-11-24,16.4,53.13,10.52,96
2021-11-25,17.24,46.47,0.0,74
2021-11-26,19.5,53.26,0.0,106
2021-11-27,17.86,55.01,62.61,102
2021-11-28,18.12,57.29,0.0,111
2021-11-29,16.81,51.43,1.84,96
2021-11-30,19.91,46.96,0.0,125
2021-12-01,15.61,51.0,0.0,101
2021-12-02,17.79,55.67,0.0,90
2021-12-03,20.14,69.3,0.0,109
2021-12-04,18.24,51.91,7.68,97
2021-12-05,16.06,52.03,0.0,105
2021-12-06,16.67,58.0,0.0,100
2021-12-07,17.72,53.6,0.0,100
2021-12-08,15.03,52.48,23.37,89
2021-12-09,15.31,50.25,0.0,94
2021-12-10,15.27,50.43,0.0,103
2021-12-11,17.62,57.08,0.0,99
2021-12-12,15.6,56.28,17.0,105
2021-12-13,18.25,54.33,0.0,111
2021-12-14,18.55,57.07,0.0,106
2021-12-15,16.61,46.86,16.27,96
2021-12-16,16.26,50.43,0.0,120
2021-12-17,16.61,55.8,0.0,112
2021-12-18,15.08,54.51,0.0,113
2021-12-19,18.54,57.98,0.0,99
2021-12-20,18.96,54.24,0.0,105
2021-12-21,15.01,57.37,0.0,97
2021-12-22,13.37,52.32,0.0,100
2021-12-23,13.92,57.48,0.0,119
2021-12-24,15.39,49.64,0.0,127
2021-12-25,16.47,58.47,0.0,96
2021-12-26,18.53,68.84,0.0,109
2021-12-27,17.34,61.35,0.0,97
2021-12-28,18.19,59.08,0.0,120
2021-12-29,16.43,58.24,0.0,104
2021-12-30,16.15,56.93,0.0,115
2021-12-31,11.88,55.28,0.0,101
2022-01-01,13.29,64.85,0.0,105
2022-01-02,12.54,56.26,16.86,99
2022-01-03,17.84,60.94,0.0,96
2022-01-04,14.42,64.82,0.0,116
2022-01-05,12.95,64.36,0.0,95
2022-01-06,22.23,66.2,0.0,108
2022-01-07,19.12,69.62,6.16,116
2022-01-08,19.16,65.49,0.0,110
2022-01-09,19.35,59.6,0.0,98
2022-01-10,13.65,64.86,0.0,94
2022-01-11,17.57,54.44,0.28,110
2022-01-12,14.83,53.28,0.0,111
2022-01-13,21.0,62.8,0.0,94
2022-01-14,13.35,61.92,0.0,93
2022-01-15,17.14,59.33,0.0,96
2022-01-16,16.82,66.11,0.0,101
2022-01-17,18.22,60.14,3.41,121
2022-01-18,13.06,69.19,0.0,103
2022-01-19,19.0,62.53,4.23,107
2022-01-20,17.38,59.88,0.0,90
2022-01-21,17.52,67.93,4.48,105
2022-01-22,17.43,58.38,28.71,114
2022-01-23,16.0,75.37,13.8,105
2022-01-24,19.47,57.82,0.0,93
2022-01-25,18.87,76.12,0.0,115
2022-01-26,17.34,68.14,0.0,113
2022-01-27,15.8,72.31,0.0,80
2022-01-28,16.83,77.11,0.0,115
2022-01-29,19.47,63.78,0.0,113
2022-01-30,17.02,63.51,0.0,105
2022-01-31,18.1,72.69,0.0,99
2022-02-01,15.24,64.53,0.0,109
2022-02-02,16.74,61.12,0.0,107
2022-02-03,20.8,59.99,0.0,96
2022-02-04,13.86,81.22,0.0,103
2022-02-05,19.18,62.31,0.0,92
2022-02-06,14.39,69.12,0.0,111
2022-02-07,19.61,67.69,0.0,113
2022-02-08,20.67,72.23,0.0,90
2022-02-09,13.67,77.93,0.0,113
2022-02-10,20.1,69.84,0.0,104
2022-02-11,20.65,66.16,0.0,97
2022-02-12,16.29,79.73,0.0,100
2022-02-13,20.54,68.05,0.0,104
2022-02-14,15.88,76.92,0.0,82
2022-02-15,17.92,64.85,0.0,80
2022-02-16,16.6,70.25,0.8,83
2022-02-17,17.14,65.37,0.0,100
2022-02-18,20.57,68.02,2.58,87
2022-02-19,13.91,69.84,0.0,94
2022-02-20,15.44,67.88,0.0,76
2022-02-21,16.21,72.64,0.0,84
2022-02-22,16.11,72.72,0.0,85
2022-02-23,21.4,81.16,0.0,96
2022-02-24,18.9,82.74,0.0,83
2022-02-25,16.93,64.39,0.0,94
2022-02-26,23.07,74.79,0.0,98
2022-02-27,20.21,74.62,0.0,93
2022-02-28,20.09,71.56,0.0,77
2022-03-01,17.69,74.89,18.75,95
2022-03-02,24.41,73.7,0.0,79
2022-03-03,23.55,80.19,0.0,94
2022-03-04,20.95,70.83,0.0,76
2022-03-05,22.16,76.54,0.0,69
2022-03-06,18.37,68.19,0.0,95
2022-03-07,22.53,73.66,0.0,78
2022-03-08,18.76,71.81,0.0,68
2022-03-09,21.74,75.94,6.07,85
2022-03-10,26.29,85.64,0.0,81
2022-03-11,19.38,69.1,4.39,75
2022-03-12,21.09,70.21,0.0,87
2022-03-13,19.96,71.68,0.0,57
2022-03-14,22.47,76.09,0.0,76
2022-03-15,21.66,73.74,0.68,93
2022-03-16,25.82,78.56,0.0,64
2022-03-17,22.23,84.43,0.0,78
2022-03-18,21.68,70.41,0.0,96
2022-03-19,26.8,74.26,28.76,66
2022-03-20,20.58,77.29,0.0,77
2022-03-21,25.26,75.53,0.0,45
2022-03-22,26.45,76.01,0.0,73
2022-03-23,23.49,69.19,0.0,85
2022-03-24,20.94,76.39,0.0,76
2022-03-25,24.93,77.6,0.0,69
2022-03-26,28.76,69.2,0.0,65
2022-03-27,22.2,73.85,0.0,86
2022-03-28,26.52,70.31,17.15,51
2022-03-29,24.26,70.42,0.0,88
2022-03-30,24.13,76.14,0.0,72
2022-03-31,24.27,70.35,0.0,67
2022-04-01,25.5,82.17,0.0,65
2022-04-02,24.33,82.23,0.0,79
2022-04-03,25.28,75.38,0.0,69
2022-04-04,25.84,76.51,45.52,58
2022-04-05,27.68,80.64,0.0,88
2022-04-06,29.8,80.17,22.68,60
2022-04-07,29.92,73.51,0.0,59
2022-04-08,23.53,78.66,0.0,61
2022-04-09,26.03,70.12,0.0,46
2022-04-10,23.02,75.55,0.0,52
2022-04-11,26.53,75.2,0.0,42
2022-04-12,25.59,76.91,6.27,53
2022-04-13,28.01,73.62,0.0,54
2022-04-14,26.18,70.26,0.0,39
2022-04-15,29.7,71.84,34.98,59
2022-04-16,29.51,69.48,0.0,61
2022-04-17,28.59,76.81,0.0,58
2022-04-18,30.96,78.57,0.0,56
2022-04-19,30.22,79.54,16.25,61
2022-04-20,29.4,77.18,0.0,72
2022-04-21,31.07,72.27,0.0,67
2022-04-22,27.84,68.02,0.0,73
2022-04-23,28.51,75.29,0.0,59
2022-04-24,26.29,67.81,11.47,57
2022-04-25,29.7,76.56,0.0,62
2022-04-26,33.35,64.23,0.0,37
2022-04-27,30.22,78.33,0.0,49
2022-04-28,29.41,68.9,0.0,51
2022-04-29,30.53,74.13,0.0,50
2022-04-30,31.32,70.68,0.0,42
2022-05-01,28.87,67.01,5.37,35
2022-05-02,28.55,74.38,2.72,56
2022-05-03,33.45,78.46,0.0,44
2022-05-04,29.9,71.12,0.0,48
2022-05-05,30.64,79.74,0.0,46
2022-05-06,35.2,71.3,0.0,34
2022-05-07,30.05,70.94,0.0,56
2022-05-08,29.32,68.54,0.0,49
2022-05-09,29.66,70.75,0.0,31
2022-05-10,31.62,73.61,0.0,33
2022-05-11,33.17,59.98,0.0,43
2022-05-12,32.05,70.67,0.0,45
2022-05-13,34.03,71.87,0.0,48
2022-05-14,31.0,77.06,0.0,38
2022-05-15,31.69,69.01,0.0,55
2022-05-16,34.19,64.48,0.0,45
2022-05-17,29.39,74.68,0.0,28
2022-05-18,32.94,63.19,3.34,35
2022-05-19,32.5,56.65,0.0,54
2022-05-20,33.35,71.73,31.92,34
2022-05-21,34.23,75.03,0.99,19
2022-05-22,30.91,72.77,3.81,36
2022-05-23,35.36,68.7,0.0,39
2022-05-24,33.52,72.3,0.0,21
2022-05-25,33.46,66.16,0.0,14
2022-05-26,30.16,71.6,1.68,22
2022-05-27,31.73,77.65,1.67,29
2022-05-28,31.29,61.26,0.0,39
2022-05-29,35.55,62.87,0.0,38
2022-05-30,36.6,72.42,0.0,46
2022-05-31,37.31,63.17,0.0,37
2022-06-01,34.55,76.86,0.0,29
2022-06-02,34.5,61.71,0.0,45
2022-06-03,34.03,64.85,0.0,26
2022-06-04,35.38,68.74,0.0,22
2022-06-05,31.0,69.37,0.0,30
2022-06-06,35.23,67.06,0.0,32
2022-06-07,35.72,65.67,0.0,37
2022-06-08,34.87,73.98,0.0,37
2022-06-09,32.35,57.55,14.98,27
2022-06-10,32.28,61.54,0.0,29
2022-06-11,34.14,59.69,0.0,29
2022-06-12,30.89,69.26,0.0,30
2022-06-13,38.05,61.25,0.0,33
2022-06-14,37.79,66.46,0.0,15
2022-06-15,38.09,58.82,0.0,32
2022-06-16,37.09,68.62,0.0,31
2022-06-17,35.47,61.39,0.0,28
2022-06-18,36.44,57.98,0.0,25
2022-06-19,35.87,64.49,0.0,22
2022-06-20,34.84,64.45,0.0,12
2022-06-21,36.24,64.1,0.0,22
2022-06-22,34.39,69.66,5.31,32
2022-06-23,35.58,57.0,0.0,38
2022-06-24,30.14,52.5,0.0,19
2022-06-25,33.18,60.56,0.0,24
2022-06-26,39.26,60.07,0.0,13
2022-06-27,34.35,60.98,0.0,11
2022-06-28,34.03,59.73,0.0,31
2022-06-29,36.27,59.11,32.91,17
2022-06-30,36.21,56.51,0.0,36
2022-07-01,33.91,59.82,0.0,17
2022-07-02,35.92,49.41,0.0,36
2022-07-03,39.58,58.35,2.04,26
2022-07-04,34.88,56.83,3.59,8
2022-07-05,32.63,60.77,0.0,11
2022-07-06,39.49,55.01,12.72,22
2022-07-07,36.99,59.59,0.0,36
2022-07-08,35.76,49.8,13.36,29
2022-07-09,39.89,61.55,0.0,32
2022-07-10,39.44,55.55,0.0,28
2022-07-11,37.23,54.07,0.0,8
2022-07-12,34.05,58.7,0.0,17
2022-07-13,33.08,52.12,0.0,18
2022-07-14,36.25,47.56,0.0,35
2022-07-15,36.59,49.8,0.0,30
2022-07-16,37.64,44.4,0.0,22
2022-07-17,35.35,49.15,0.0,25
2022-07-18,33.05,58.32,0.0,14
2022-07-19,37.34,60.32,14.46,26
2022-07-20,35.16,52.65,0.0,27
2022-07-21,36.22,53.81,0.0,31
2022-07-22,35.71,55.95,0.0,23
2022-07-23,36.95,51.33,0.0,22
2022-07-24,33.98,64.16,8.62,36
2022-07-25,31.77,59.42,0.0,30
2022-07-26,36.1,56.59,4.43,35
2022-07-27,36.5,56.18,0.0,38
2022-07-28,37.39,53.12,7.41,34
2022-07-29,34.02,58.09,7.06,34
2022-07-30,33.93,55.65,0.0,48
2022-07-31,31.41,53.33,0.0,35
2022-08-01,35.13,47.75,0.0,35
2022-08-02,33.36,54.52,0.0,30
2022-08-03,39.6,50.59,0.0,27
2022-08-04,34.78,47.91,0.0,46
2022-08-05,35.75,55.63,0.0,59
2022-08-06,37.7,50.83,0.0,15
2022-08-07,36.16,51.21,0.0,35
2022-08-08,34.82,47.59,0.0,59
2022-08-09,33.94,44.3,0.0,37
2022-08-10,32.46,53.98,0.0,26
2022-08-11,32.5,58.46,0.0,41
2022-08-12,32.98,55.16,2.26,30
2022-08-13,32.93,43.95,0.0,43
2022-08-14,32.12,56.89,4.54,38
2022-08-15,31.07,50.18,9.24,67
2022-08-16,32.86,49.11,0.0,39
2022-08-17,32.93,38.8,0.0,43
2022-08-18,29.28,54.78,0.0,41
2022-08-19,30.31,50.77,0.47,27
2022-08-20,34.13,42.42,0.0,30
2022-08-21,35.45,50.94,21.91,33
2022-08-22,32.32,47.95,0.0,52
2022-08-23,31.43,48.58,38.15,45
2022-08-24,31.59,49.93,0.0,38
2022-08-25,35.01,48.66,4.94,55
2022-08-26,34.45,43.5,3.27,49
2022-08-27,29.92,52.22,0.0,35
2022-08-28,28.8,45.28,0.0,40
2022-08-29,29.09,49.89,4.51,48
2022-08-30,30.0,45.81,0.0,48
2022-08-31,29.88,40.42,0.0,19
2022-09-01,29.51,46.29,0.0,25
2022-09-02,32.21,39.37,41.89,30
2022-09-03,24.76,53.53,17.1,40
2022-09-04,30.95,47.29,4.88,29
2022-09-05,28.49,49.21,3.25,62
2022-09-06,31.53,54.54,0.0,54
2022-09-07,29.4,47.26,2.7,46
2022-09-08,32.54,50.95,0.0,59
2022-09-09,27.44,42.3,4.32,59
2022-09-10,30.55,45.15,23.71,56
2022-09-11,32.71,42.96,0.0,55
2022-09-12,26.51,44.01,0.51,53
2022-09-13,27.64,54.73,2.05,65
2022-09-14,27.93,43.48,16.98,69
2022-09-15,27.26,44.11,1.51,57
2022-09-16,27.19,39.61,7.27,49
2022-09-17,29.64,35.61,0.0,46
2022-09-18,32.3,46.56,3.21,48
2022-09-19,30.3,49.41,23.37,64
2022-09-20,30.43,42.81,19.34,54
2022-09-21,26.41,46.54,0.0,69
2022-09-22,28.29,33.56,0.0,72
2022-09-23,25.92,54.82,0.0,67
2022-09-24,28.68,42.5,13.24,71
2022-09-25,26.84,43.56,0.0,74
2022-09-26,23.56,42.17,35.87,67
2022-09-27,27.2,40.59,0.0,55
2022-09-28,21.3,41.4,0.0,61
2022-09-29,29.15,43.43,2.66,50
2022-09-30,27.28,48.4,3.79,69
2022-10-01,26.46,51.94,19.9,76
2022-10-02,25.41,44.79,68.9,62
2022-10-03,25.26,46.49,1.84,68
2022-10-04,26.87,37.7,0.45,61
2022-10-05,25.82,47.95,0.0,69
2022-10-06,23.47,42.08,27.76,69
2022-10-07,25.43,44.51,0.0,59
2022-10-08,27.34,54.07,4.12,88
2022-10-09,25.82,38.26,0.0,108
2022-10-10,23.57,52.7,2.34,60
2022-10-11,27.57,41.1,7.13,65
2022-10-12,26.16,48.93,14.36,74
2022-10-13,24.99,51.01,0.0,75
2022-10-14,24.48,48.19,0.0,57
2022-10-15,27.81,43.32,1.27,63
2022-10-16,24.1,50.91,0.0,83
2022-10-17,21.94,40.79,0.0,70
2022-10-18,23.62,40.16,0.0,91
2022-10-19,21.49,45.77,38.11,78
2022-10-20,22.63,46.36,0.0,88
2022-10-21,21.38,48.4,0.0,61
2022-10-22,20.55,41.44,1.32,91
2022-10-23,20.67,47.56,0.0,69
2022-10-24,22.86,41.05,24.48,89
2022-10-25,21.3,50.64,3.99,78
2022-10-26,20.45,54.62,0.0,94
2022-10-27,19.61,39.48,0.0,89
2022-10-28,22.08,49.73,5.99,88
2022-10-29,20.28,55.29,0.0,84
2022-10-30,24.41,64.66,0.0,87
2022-10-31,20.89,35.82,5.34,96
2022-11-01,17.88,42.76,0.0,94
2022-11-02,19.61,42.41,0.0,90
2022-11-03,19.59,44.36,0.0,94
2022-11-04,18.21,48.32,0.0,91
2022-11-05,17.24,38.9,3.12,95
2022-11-06,20.69,39.97,8.97,83
2022-11-07,19.46,45.48,0.0,90
2022-11-08,23.66,48.5,0.0,87
2022-11-09,21.64,46.11,0.0,84
2022-11-10,18.02,47.22,23.08,99
2022-11-11,19.07,52.7,0.0,92
2022-11-12,17.3,44.46,0.0,102
2022-11-13,19.19,43.98,1.73,103
2022-11-14,17.24,46.61,0.0,100
2022-11-15,19.62,47.9,0.0,96
2022-11-16,17.69,49.52,49.45,95
2022-11-17,20.28,48.44,10.96,94
2022-11-18,20.61,58.39,0.0,101
2022-11-19,19.43,44.29,46.55,96
2022-11-20,19.21,48.06,8.49,96
2022-11-21,16.19,40.82,0.0,85
2022-11-22,15.24,50.31,0.11,102
2022-11-23,18.74,43.31,0.0,111
2022-11-24,21.54,45.33,0.0,86
2022-11-25,16.46,48.6,0.0,121
2022-11-26,16.89,43.74,14.24,104
2022-11-27,16.61,51.51,0.0,123
2022-11-28,13.42,54.54,12.61,83
2022-11-29,20.57,52.53,14.84,123
2022-11-30,16.32,62.85,0.0,102
2022-12-01,16.02,36.71,0.0,105
2022-12-02,18.11,52.48,21.82,99
2022-12-03,19.17,52.66,0.0,116
2022-12-04,19.9,56.41,0.0,92
2022-12-05,19.31,56.32,1.83,97
2022-12-06,18.53,51.24,0.0,101
2022-12-07,16.99,50.13,0.0,103
2022-12-08,19.2,61.07,0.0,107
2022-12-09,17.11,57.53,0.0,111
2022-12-10,16.09,55.67,0.0,104
2022-12-11,15.61,52.44,16.86,112
2022-12-12,17.24,62.43,0.0,112
2022-12-13,13.88,52.89,0.0,86
2022-12-14,16.24,56.9,22.2,110
2022-12-15,11.86,53.01,8.21,113
2022-12-16,18.19,55.56,16.58,112
2022-12-17,20.4,58.85,2.74,90
2022-12-18,15.47,57.57,0.0,102
2022-12-19,15.76,58.27,0.0,120
2022-12-20,17.22,59.25,0.0,113
2022-12-21,17.98,55.11,0.0,118
2022-12-22,19.51,61.07,0.0,106
2022-12-23,16.67,58.45,0.0,117
2022-12-24,17.02,57.63,0.0,128
2022-12-25,15.84,64.12,0.0,131
2022-12-26,19.12,57.49,0.0,124
2022-12-27,15.51,55.15,0.0,122
2022-12-28,14.41,67.79,0.0,102
2022-12-29,18.37,54.94,0.0,104
2022-12-30,16.3,66.03,0.0,111
